Filename,Image_Type,Pair,Level_Engagement,Actual_Status
conversation_1772190756395_annotated.jpg,Annotated,"[1, 2]",,
conversation_1772190756395_annotated.jpg,Annotated,"[1, 3]",,
conversation_1772190756395_annotated.jpg,Annotated,"[1, 4]",,
conversation_1772190756395_annotated.jpg,Annotated,"[2, 3]",,
conversation_1772190756395_annotated.jpg,Annotated,"[2, 4]",,
conversation_1772190756395_annotated.jpg,Annotated,"[3, 4]",,
conversation_1772190756395_depth.png,Depth,"[1, 2]",,
conversation_1772190756395_depth.png,Depth,"[1, 3]",,
conversation_1772190756395_depth.png,Depth,"[1, 4]",,
conversation_1772190756395_depth.png,Depth,"[2, 3]",,
conversation_1772190756395_depth.png,Depth,"[2, 4]",,
conversation_1772190756395_depth.png,Depth,"[3, 4]",,
conversation_1772190756395_raw.jpg,Raw,"[1, 2]",,
conversation_1772190756395_raw.jpg,Raw,"[1, 3]",,
conversation_1772190756395_raw.jpg,Raw,"[1, 4]",,
conversation_1772190756395_raw.jpg,Raw,"[2, 3]",,
conversation_1772190756395_raw.jpg,Raw,"[2, 4]",,
conversation_1772190756395_raw.jpg,Raw,"[3, 4]",,
conversation_1772190810973_annotated.jpg,Annotated,"[1, 2]",,
conversation_1772190810973_annotated.jpg,Annotated,"[1, 3]",,
conversation_1772190810973_annotated.jpg,Annotated,"[1, 4]",,
conversation_1772190810973_annotated.jpg,Annotated,"[2, 3]",,
conversation_1772190810973_annotated.jpg,Annotated,"[2, 4]",,
conversation_1772190810973_annotated.jpg,Annotated,"[3, 4]",,
conversation_1772190810973_depth.png,Depth,"[1, 2]",,
conversation_1772190810973_depth.png,Depth,"[1, 3]",,
conversation_1772190810973_depth.png,Depth,"[1, 4]",,
conversation_1772190810973_depth.png,Depth,"[2, 3]",,
conversation_1772190810973_depth.png,Depth,"[2, 4]",,
conversation_1772190810973_depth.png,Depth,"[3, 4]",,
conversation_1772190810973_raw.jpg,Raw,"[1, 2]",,
conversation_1772190810973_raw.jpg,Raw,"[1, 3]",,
conversation_1772190810973_raw.jpg,Raw,"[1, 4]",,
conversation_1772190810973_raw.jpg,Raw,"[2, 3]",,
conversation_1772190810973_raw.jpg,Raw,"[2, 4]",,
conversation_1772190810973_raw.jpg,Raw,"[3, 4]",,
conversation_1772190840400_annotated.jpg,Annotated,"[1, 2]",,
conversation_1772190840400_annotated.jpg,Annotated,"[1, 3]",,
conversation_1772190840400_annotated.jpg,Annotated,"[1, 4]",,
conversation_1772190840400_annotated.jpg,Annotated,"[2, 3]",,
conversation_1772190840400_annotated.jpg,Annotated,"[2, 4]",,
conversation_1772190840400_annotated.jpg,Annotated,"[3, 4]",,
conversation_1772190840400_depth.png,Depth,"[1, 2]",,
conversation_1772190840400_depth.png,Depth,"[1, 3]",,
conversation_1772190840400_depth.png,Depth,"[1, 4]",,
conversation_1772190840400_depth.png,Depth,"[2, 3]",,
conversation_1772190840400_depth.png,Depth,"[2, 4]",,
conversation_1772190840400_depth.png,Depth,"[3, 4]",,
conversation_1772190840400_raw.jpg,Raw,"[1, 2]",,
conversation_1772190840400_raw.jpg,Raw,"[1, 3]",,
conversation_1772190840400_raw.jpg,Raw,"[1, 4]",,
conversation_1772190840400_raw.jpg,Raw,"[2, 3]",,
conversation_1772190840400_raw.jpg,Raw,"[2, 4]",,
conversation_1772190840400_raw.jpg,Raw,"[3, 4]",,
conversation_1772190876271_annotated.jpg,Annotated,"[1, 2]",,
conversation_1772190876271_annotated.jpg,Annotated,"[1, 3]",,
conversation_1772190876271_annotated.jpg,Annotated,"[1, 4]",,
conversation_1772190876271_annotated.jpg,Annotated,"[2, 3]",,
conversation_1772190876271_annotated.jpg,Annotated,"[2, 4]",,
conversation_1772190876271_annotated.jpg,Annotated,"[3, 4]",,
conversation_1772190876271_raw.jpg,Raw,"[1, 2]",,
conversation_1772190876271_raw.jpg,Raw,"[1, 3]",,
conversation_1772190876271_raw.jpg,Raw,"[1, 4]",,
conversation_1772190876271_raw.jpg,Raw,"[2, 3]",,
conversation_1772190876271_raw.jpg,Raw,"[2, 4]",,
conversation_1772190876271_raw.jpg,Raw,"[3, 4]",,
conversation_1772191002323_raw.jpg,Raw,"[1, 2]",,
conversation_1772191002323_raw.jpg,Raw,"[1, 3]",,
conversation_1772191002323_raw.jpg,Raw,"[1, 4]",,
conversation_1772191002323_raw.jpg,Raw,"[2, 3]",,
conversation_1772191002323_raw.jpg,Raw,"[2, 4]",,
conversation_1772191002323_raw.jpg,Raw,"[3, 4]",,
conversation_1772191065053_annotated.jpg,Annotated,"[1, 2]",,
conversation_1772191065053_annotated.jpg,Annotated,"[1, 3]",,
conversation_1772191065053_annotated.jpg,Annotated,"[1, 4]",,
conversation_1772191065053_annotated.jpg,Annotated,"[2, 3]",,
conversation_1772191065053_annotated.jpg,Annotated,"[2, 4]",,
conversation_1772191065053_annotated.jpg,Annotated,"[3, 4]",,
conversation_1772191065053_depth.png,Depth,"[1, 2]",,
conversation_1772191065053_depth.png,Depth,"[1, 3]",,
conversation_1772191065053_depth.png,Depth,"[1, 4]",,
conversation_1772191065053_depth.png,Depth,"[2, 3]",,
conversation_1772191065053_depth.png,Depth,"[2, 4]",,
conversation_1772191065053_depth.png,Depth,"[3, 4]",,
conversation_1772191065053_raw.jpg,Raw,"[1, 2]",,
conversation_1772191065053_raw.jpg,Raw,"[1, 3]",,
conversation_1772191065053_raw.jpg,Raw,"[1, 4]",,
conversation_1772191065053_raw.jpg,Raw,"[2, 3]",,
conversation_1772191065053_raw.jpg,Raw,"[2, 4]",,
conversation_1772191065053_raw.jpg,Raw,"[3, 4]",,
conversation_1772191072086_annotated.jpg,Annotated,"[1, 2]",,
conversation_1772191072086_annotated.jpg,Annotated,"[1, 3]",,
conversation_1772191072086_annotated.jpg,Annotated,"[1, 4]",,
conversation_1772191072086_annotated.jpg,Annotated,"[2, 3]",,
conversation_1772191072086_annotated.jpg,Annotated,"[2, 4]",,
conversation_1772191072086_annotated.jpg,Annotated,"[3, 4]",,
conversation_1772191072086_depth.png,Depth,"[1, 2]",,
conversation_1772191072086_depth.png,Depth,"[1, 3]",,
conversation_1772191072086_depth.png,Depth,"[1, 4]",,
conversation_1772191072086_depth.png,Depth,"[2, 3]",,
conversation_1772191072086_depth.png,Depth,"[2, 4]",,
conversation_1772191072086_depth.png,Depth,"[3, 4]",,
conversation_1772191072086_raw.jpg,Raw,"[1, 2]",,
conversation_1772191072086_raw.jpg,Raw,"[1, 3]",,
conversation_1772191072086_raw.jpg,Raw,"[1, 4]",,
conversation_1772191072086_raw.jpg,Raw,"[2, 3]",,
conversation_1772191072086_raw.jpg,Raw,"[2, 4]",,
conversation_1772191072086_raw.jpg,Raw,"[3, 4]",,
ignoring_1772191117906_annotated.jpg,Annotated,"[1, 2]",,
ignoring_1772191117906_annotated.jpg,Annotated,"[1, 3]",,
ignoring_1772191117906_annotated.jpg,Annotated,"[1, 4]",,
ignoring_1772191117906_annotated.jpg,Annotated,"[2, 3]",,
ignoring_1772191117906_annotated.jpg,Annotated,"[2, 4]",,
ignoring_1772191117906_annotated.jpg,Annotated,"[3, 4]",,
ignoring_1772191117906_depth.png,Depth,"[1, 2]",,
ignoring_1772191117906_depth.png,Depth,"[1, 3]",,
ignoring_1772191117906_depth.png,Depth,"[1, 4]",,
ignoring_1772191117906_depth.png,Depth,"[2, 3]",,
ignoring_1772191117906_depth.png,Depth,"[2, 4]",,
ignoring_1772191117906_depth.png,Depth,"[3, 4]",,
ignoring_1772191117906_raw.jpg,Raw,"[1, 2]",,
ignoring_1772191117906_raw.jpg,Raw,"[1, 3]",,
ignoring_1772191117906_raw.jpg,Raw,"[1, 4]",,
ignoring_1772191117906_raw.jpg,Raw,"[2, 3]",,
ignoring_1772191117906_raw.jpg,Raw,"[2, 4]",,
ignoring_1772191117906_raw.jpg,Raw,"[3, 4]",,
ignoring_1772191121089_annotated.jpg,Annotated,"[1, 2]",,
ignoring_1772191121089_annotated.jpg,Annotated,"[1, 3]",,
ignoring_1772191121089_annotated.jpg,Annotated,"[1, 4]",,
ignoring_1772191121089_annotated.jpg,Annotated,"[2, 3]",,
ignoring_1772191121089_annotated.jpg,Annotated,"[2, 4]",,
ignoring_1772191121089_annotated.jpg,Annotated,"[3, 4]",,
ignoring_1772191121089_depth.png,Depth,"[1, 2]",,
ignoring_1772191121089_depth.png,Depth,"[1, 3]",,
ignoring_1772191121089_depth.png,Depth,"[1, 4]",,
ignoring_1772191121089_depth.png,Depth,"[2, 3]",,
ignoring_1772191121089_depth.png,Depth,"[2, 4]",,
ignoring_1772191121089_depth.png,Depth,"[3, 4]",,
ignoring_1772191121089_raw.jpg,Raw,"[1, 2]",,
ignoring_1772191121089_raw.jpg,Raw,"[1, 3]",,
ignoring_1772191121089_raw.jpg,Raw,"[1, 4]",,
ignoring_1772191121089_raw.jpg,Raw,"[2, 3]",,
ignoring_1772191121089_raw.jpg,Raw,"[2, 4]",,
ignoring_1772191121089_raw.jpg,Raw,"[3, 4]",,
ignoring_1772191135272_annotated.jpg,Annotated,"[1, 2]",,
ignoring_1772191135272_annotated.jpg,Annotated,"[1, 3]",,
ignoring_1772191135272_annotated.jpg,Annotated,"[1, 4]",,
ignoring_1772191135272_annotated.jpg,Annotated,"[2, 3]",,
ignoring_1772191135272_annotated.jpg,Annotated,"[2, 4]",,
ignoring_1772191135272_annotated.jpg,Annotated,"[3, 4]",,
ignoring_1772191135272_depth.png,Depth,"[1, 2]",,
ignoring_1772191135272_depth.png,Depth,"[1, 3]",,
ignoring_1772191135272_depth.png,Depth,"[1, 4]",,
ignoring_1772191135272_depth.png,Depth,"[2, 3]",,
ignoring_1772191135272_depth.png,Depth,"[2, 4]",,
ignoring_1772191135272_depth.png,Depth,"[3, 4]",,
ignoring_1772191135272_raw.jpg,Raw,"[1, 2]",,
ignoring_1772191135272_raw.jpg,Raw,"[1, 3]",,
ignoring_1772191135272_raw.jpg,Raw,"[1, 4]",,
ignoring_1772191135272_raw.jpg,Raw,"[2, 3]",,
ignoring_1772191135272_raw.jpg,Raw,"[2, 4]",,
ignoring_1772191135272_raw.jpg,Raw,"[3, 4]",,
ignoring_1772191143087_annotated.jpg,Annotated,"[1, 2]",,
ignoring_1772191143087_annotated.jpg,Annotated,"[1, 3]",,
ignoring_1772191143087_annotated.jpg,Annotated,"[1, 4]",,
ignoring_1772191143087_annotated.jpg,Annotated,"[2, 3]",,
ignoring_1772191143087_annotated.jpg,Annotated,"[2, 4]",,
ignoring_1772191143087_annotated.jpg,Annotated,"[3, 4]",,
ignoring_1772191143087_depth.png,Depth,"[1, 2]",,
ignoring_1772191143087_depth.png,Depth,"[1, 3]",,
ignoring_1772191143087_depth.png,Depth,"[1, 4]",,
ignoring_1772191143087_depth.png,Depth,"[2, 3]",,
ignoring_1772191143087_depth.png,Depth,"[2, 4]",,
ignoring_1772191143087_depth.png,Depth,"[3, 4]",,
ignoring_1772191143087_raw.jpg,Raw,"[1, 2]",,
ignoring_1772191143087_raw.jpg,Raw,"[1, 3]",,
ignoring_1772191143087_raw.jpg,Raw,"[1, 4]",,
ignoring_1772191143087_raw.jpg,Raw,"[2, 3]",,
ignoring_1772191143087_raw.jpg,Raw,"[2, 4]",,
ignoring_1772191143087_raw.jpg,Raw,"[3, 4]",,
ignoring_1772191145124_annotated.jpg,Annotated,"[1, 2]",,
ignoring_1772191145124_annotated.jpg,Annotated,"[1, 3]",,
ignoring_1772191145124_annotated.jpg,Annotated,"[1, 4]",,
ignoring_1772191145124_annotated.jpg,Annotated,"[2, 3]",,
ignoring_1772191145124_annotated.jpg,Annotated,"[2, 4]",,
ignoring_1772191145124_annotated.jpg,Annotated,"[3, 4]",,
photography_1772190468511_annotated.jpg,Annotated,"[1, 2]",,
photography_1772190468511_annotated.jpg,Annotated,"[1, 3]",,
photography_1772190468511_annotated.jpg,Annotated,"[1, 4]",,
photography_1772190468511_annotated.jpg,Annotated,"[2, 3]",,
photography_1772190468511_annotated.jpg,Annotated,"[2, 4]",,
photography_1772190468511_annotated.jpg,Annotated,"[3, 4]",,
photography_1772190468511_depth.png,Depth,"[1, 2]",,
photography_1772190468511_depth.png,Depth,"[1, 3]",,
photography_1772190468511_depth.png,Depth,"[1, 4]",,
photography_1772190468511_depth.png,Depth,"[2, 3]",,
photography_1772190468511_depth.png,Depth,"[2, 4]",,
photography_1772190468511_depth.png,Depth,"[3, 4]",,
photography_1772190468511_raw.jpg,Raw,"[1, 2]",,
photography_1772190468511_raw.jpg,Raw,"[1, 3]",,
photography_1772190468511_raw.jpg,Raw,"[1, 4]",,
photography_1772190468511_raw.jpg,Raw,"[2, 3]",,
photography_1772190468511_raw.jpg,Raw,"[2, 4]",,
photography_1772190468511_raw.jpg,Raw,"[3, 4]",,
photography_1772190489396_annotated.jpg,Annotated,"[1, 2]",,
photography_1772190489396_annotated.jpg,Annotated,"[1, 3]",,
photography_1772190489396_annotated.jpg,Annotated,"[1, 4]",,
photography_1772190489396_annotated.jpg,Annotated,"[2, 3]",,
photography_1772190489396_annotated.jpg,Annotated,"[2, 4]",,
photography_1772190489396_annotated.jpg,Annotated,"[3, 4]",,
photography_1772190489396_depth.png,Depth,"[1, 2]",,
photography_1772190489396_depth.png,Depth,"[1, 3]",,
photography_1772190489396_depth.png,Depth,"[1, 4]",,
photography_1772190489396_depth.png,Depth,"[2, 3]",,
photography_1772190489396_depth.png,Depth,"[2, 4]",,
photography_1772190489396_depth.png,Depth,"[3, 4]",,
photography_1772190489396_raw.jpg,Raw,"[1, 2]",,
photography_1772190489396_raw.jpg,Raw,"[1, 3]",,
photography_1772190489396_raw.jpg,Raw,"[1, 4]",,
photography_1772190489396_raw.jpg,Raw,"[2, 3]",,
photography_1772190489396_raw.jpg,Raw,"[2, 4]",,
photography_1772190489396_raw.jpg,Raw,"[3, 4]",,
photography_1772190546243_annotated.jpg,Annotated,"[1, 2]",,
photography_1772190546243_annotated.jpg,Annotated,"[1, 3]",,
photography_1772190546243_annotated.jpg,Annotated,"[1, 4]",,
photography_1772190546243_annotated.jpg,Annotated,"[2, 3]",,
photography_1772190546243_annotated.jpg,Annotated,"[2, 4]",,
photography_1772190546243_annotated.jpg,Annotated,"[3, 4]",,
photography_1772190546243_depth.png,Depth,"[1, 2]",,
photography_1772190546243_depth.png,Depth,"[1, 3]",,
photography_1772190546243_depth.png,Depth,"[1, 4]",,
photography_1772190546243_depth.png,Depth,"[2, 3]",,
photography_1772190546243_depth.png,Depth,"[2, 4]",,
photography_1772190546243_depth.png,Depth,"[3, 4]",,
photography_1772190546243_raw.jpg,Raw,"[1, 2]",,
photography_1772190546243_raw.jpg,Raw,"[1, 3]",,
photography_1772190546243_raw.jpg,Raw,"[1, 4]",,
photography_1772190546243_raw.jpg,Raw,"[2, 3]",,
photography_1772190546243_raw.jpg,Raw,"[2, 4]",,
photography_1772190546243_raw.jpg,Raw,"[3, 4]",,
photography_1772190602195_annotated.jpg,Annotated,"[1, 2]",,
photography_1772190602195_annotated.jpg,Annotated,"[1, 3]",,
photography_1772190602195_annotated.jpg,Annotated,"[1, 4]",,
photography_1772190602195_annotated.jpg,Annotated,"[2, 3]",,
photography_1772190602195_annotated.jpg,Annotated,"[2, 4]",,
photography_1772190602195_annotated.jpg,Annotated,"[3, 4]",,
photography_1772190602195_depth.png,Depth,"[1, 2]",,
photography_1772190602195_depth.png,Depth,"[1, 3]",,
photography_1772190602195_depth.png,Depth,"[1, 4]",,
photography_1772190602195_depth.png,Depth,"[2, 3]",,
photography_1772190602195_depth.png,Depth,"[2, 4]",,
photography_1772190602195_depth.png,Depth,"[3, 4]",,
photography_1772190602195_raw.jpg,Raw,"[1, 2]",,
photography_1772190602195_raw.jpg,Raw,"[1, 3]",,
photography_1772190602195_raw.jpg,Raw,"[1, 4]",,
photography_1772190602195_raw.jpg,Raw,"[2, 3]",,
photography_1772190602195_raw.jpg,Raw,"[2, 4]",,
photography_1772190602195_raw.jpg,Raw,"[3, 4]",,
playing_1772197071728_annotated.jpg,Annotated,"[1, 2]",,
playing_1772197071728_annotated.jpg,Annotated,"[1, 3]",,
playing_1772197071728_annotated.jpg,Annotated,"[1, 4]",,
playing_1772197071728_annotated.jpg,Annotated,"[2, 3]",,
playing_1772197071728_annotated.jpg,Annotated,"[2, 4]",,
playing_1772197071728_annotated.jpg,Annotated,"[3, 4]",,
playing_1772197071728_depth.png,Depth,"[1, 2]",,
playing_1772197071728_depth.png,Depth,"[1, 3]",,
playing_1772197071728_depth.png,Depth,"[1, 4]",,
playing_1772197071728_depth.png,Depth,"[2, 3]",,
playing_1772197071728_depth.png,Depth,"[2, 4]",,
playing_1772197071728_depth.png,Depth,"[3, 4]",,
playing_1772197071728_raw.jpg,Raw,"[1, 2]",,
playing_1772197071728_raw.jpg,Raw,"[1, 3]",,
playing_1772197071728_raw.jpg,Raw,"[1, 4]",,
playing_1772197071728_raw.jpg,Raw,"[2, 3]",,
playing_1772197071728_raw.jpg,Raw,"[2, 4]",,
playing_1772197071728_raw.jpg,Raw,"[3, 4]",,
playing_1772197073177_annotated.jpg,Annotated,"[1, 2]",,
playing_1772197073177_annotated.jpg,Annotated,"[1, 3]",,
playing_1772197073177_annotated.jpg,Annotated,"[1, 4]",,
playing_1772197073177_annotated.jpg,Annotated,"[2, 3]",,
playing_1772197073177_annotated.jpg,Annotated,"[2, 4]",,
playing_1772197073177_annotated.jpg,Annotated,"[3, 4]",,
playing_1772197075379_annotated.jpg,Annotated,"[1, 2]",,
playing_1772197075379_annotated.jpg,Annotated,"[1, 3]",,
playing_1772197075379_annotated.jpg,Annotated,"[1, 4]",,
playing_1772197075379_annotated.jpg,Annotated,"[2, 3]",,
playing_1772197075379_annotated.jpg,Annotated,"[2, 4]",,
playing_1772197075379_annotated.jpg,Annotated,"[3, 4]",,
playing_1772197075379_depth.png,Depth,"[1, 2]",,
playing_1772197075379_depth.png,Depth,"[1, 3]",,
playing_1772197075379_depth.png,Depth,"[1, 4]",,
playing_1772197075379_depth.png,Depth,"[2, 3]",,
playing_1772197075379_depth.png,Depth,"[2, 4]",,
playing_1772197075379_depth.png,Depth,"[3, 4]",,
playing_1772197075379_raw.jpg,Raw,"[1, 2]",,
playing_1772197075379_raw.jpg,Raw,"[1, 3]",,
playing_1772197075379_raw.jpg,Raw,"[1, 4]",,
playing_1772197075379_raw.jpg,Raw,"[2, 3]",,
playing_1772197075379_raw.jpg,Raw,"[2, 4]",,
playing_1772197075379_raw.jpg,Raw,"[3, 4]",,
playing_1772197149472_annotated.jpg,Annotated,"[1, 2]",,
playing_1772197149472_annotated.jpg,Annotated,"[1, 3]",,
playing_1772197149472_annotated.jpg,Annotated,"[1, 4]",,
playing_1772197149472_annotated.jpg,Annotated,"[2, 3]",,
playing_1772197149472_annotated.jpg,Annotated,"[2, 4]",,
playing_1772197149472_annotated.jpg,Annotated,"[3, 4]",,
playing_1772197149472_depth.png,Depth,"[1, 2]",,
playing_1772197149472_depth.png,Depth,"[1, 3]",,
playing_1772197149472_depth.png,Depth,"[1, 4]",,
playing_1772197149472_depth.png,Depth,"[2, 3]",,
playing_1772197149472_depth.png,Depth,"[2, 4]",,
playing_1772197149472_depth.png,Depth,"[3, 4]",,
playing_1772197149472_raw.jpg,Raw,"[1, 2]",,
playing_1772197149472_raw.jpg,Raw,"[1, 3]",,
playing_1772197149472_raw.jpg,Raw,"[1, 4]",,
playing_1772197149472_raw.jpg,Raw,"[2, 3]",,
playing_1772197149472_raw.jpg,Raw,"[2, 4]",,
playing_1772197149472_raw.jpg,Raw,"[3, 4]",,
playing_1772197150950_annotated.jpg,Annotated,"[1, 2]",,
playing_1772197150950_annotated.jpg,Annotated,"[1, 3]",,
playing_1772197150950_annotated.jpg,Annotated,"[1, 4]",,
playing_1772197150950_annotated.jpg,Annotated,"[2, 3]",,
playing_1772197150950_annotated.jpg,Annotated,"[2, 4]",,
playing_1772197150950_annotated.jpg,Annotated,"[3, 4]",,
playing_1772197255899_annotated.jpg,Annotated,"[1, 2]",,
playing_1772197255899_annotated.jpg,Annotated,"[1, 3]",,
playing_1772197255899_annotated.jpg,Annotated,"[1, 4]",,
playing_1772197255899_annotated.jpg,Annotated,"[2, 3]",,
playing_1772197255899_annotated.jpg,Annotated,"[2, 4]",,
playing_1772197255899_annotated.jpg,Annotated,"[3, 4]",,
playing_1772197255899_depth.png,Depth,"[1, 2]",,
playing_1772197255899_depth.png,Depth,"[1, 3]",,
playing_1772197255899_depth.png,Depth,"[1, 4]",,
playing_1772197255899_depth.png,Depth,"[2, 3]",,
playing_1772197255899_depth.png,Depth,"[2, 4]",,
playing_1772197255899_depth.png,Depth,"[3, 4]",,
playing_1772197255899_raw.jpg,Raw,"[1, 2]",,
playing_1772197255899_raw.jpg,Raw,"[1, 3]",,
playing_1772197255899_raw.jpg,Raw,"[1, 4]",,
playing_1772197255899_raw.jpg,Raw,"[2, 3]",,
playing_1772197255899_raw.jpg,Raw,"[2, 4]",,
playing_1772197255899_raw.jpg,Raw,"[3, 4]",,
playing_1772197330309_annotated.jpg,Annotated,"[1, 2]",,
playing_1772197330309_annotated.jpg,Annotated,"[1, 3]",,
playing_1772197330309_annotated.jpg,Annotated,"[1, 4]",,
playing_1772197330309_annotated.jpg,Annotated,"[2, 3]",,
playing_1772197330309_annotated.jpg,Annotated,"[2, 4]",,
playing_1772197330309_annotated.jpg,Annotated,"[3, 4]",,
playing_1772197330309_depth.png,Depth,"[1, 2]",,
playing_1772197330309_depth.png,Depth,"[1, 3]",,
playing_1772197330309_depth.png,Depth,"[1, 4]",,
playing_1772197330309_depth.png,Depth,"[2, 3]",,
playing_1772197330309_depth.png,Depth,"[2, 4]",,
playing_1772197330309_depth.png,Depth,"[3, 4]",,
playing_1772197330309_raw.jpg,Raw,"[1, 2]",,
playing_1772197330309_raw.jpg,Raw,"[1, 3]",,
playing_1772197330309_raw.jpg,Raw,"[1, 4]",,
playing_1772197330309_raw.jpg,Raw,"[2, 3]",,
playing_1772197330309_raw.jpg,Raw,"[2, 4]",,
playing_1772197330309_raw.jpg,Raw,"[3, 4]",,
playing_1772197332180_annotated.jpg,Annotated,"[1, 2]",,
playing_1772197332180_annotated.jpg,Annotated,"[1, 3]",,
playing_1772197332180_annotated.jpg,Annotated,"[1, 4]",,
playing_1772197332180_annotated.jpg,Annotated,"[2, 3]",,
playing_1772197332180_annotated.jpg,Annotated,"[2, 4]",,
playing_1772197332180_annotated.jpg,Annotated,"[3, 4]",,
playing_1772197332180_depth.png,Depth,"[1, 2]",,
playing_1772197332180_depth.png,Depth,"[1, 3]",,
playing_1772197332180_depth.png,Depth,"[1, 4]",,
playing_1772197332180_depth.png,Depth,"[2, 3]",,
playing_1772197332180_depth.png,Depth,"[2, 4]",,
playing_1772197332180_depth.png,Depth,"[3, 4]",,
playing_1772197332180_raw.jpg,Raw,"[1, 2]",,
playing_1772197332180_raw.jpg,Raw,"[1, 3]",,
playing_1772197332180_raw.jpg,Raw,"[1, 4]",,
playing_1772197332180_raw.jpg,Raw,"[2, 3]",,
playing_1772197332180_raw.jpg,Raw,"[2, 4]",,
playing_1772197332180_raw.jpg,Raw,"[3, 4]",,
presenting_1772191553520_annotated.jpg,Annotated,"[1, 2]",,
presenting_1772191553520_annotated.jpg,Annotated,"[1, 3]",,
presenting_1772191553520_annotated.jpg,Annotated,"[1, 4]",,
presenting_1772191553520_annotated.jpg,Annotated,"[2, 3]",,
presenting_1772191553520_annotated.jpg,Annotated,"[2, 4]",,
presenting_1772191553520_annotated.jpg,Annotated,"[3, 4]",,
presenting_1772191553520_depth.png,Depth,"[1, 2]",,
presenting_1772191553520_depth.png,Depth,"[1, 3]",,
presenting_1772191553520_depth.png,Depth,"[1, 4]",,
presenting_1772191553520_depth.png,Depth,"[2, 3]",,
presenting_1772191553520_depth.png,Depth,"[2, 4]",,
presenting_1772191553520_depth.png,Depth,"[3, 4]",,
presenting_1772191553520_raw.jpg,Raw,"[1, 2]",,
presenting_1772191553520_raw.jpg,Raw,"[1, 3]",,
presenting_1772191553520_raw.jpg,Raw,"[1, 4]",,
presenting_1772191553520_raw.jpg,Raw,"[2, 3]",,
presenting_1772191553520_raw.jpg,Raw,"[2, 4]",,
presenting_1772191553520_raw.jpg,Raw,"[3, 4]",,
presenting_1772191555767_annotated.jpg,Annotated,"[1, 2]",,
presenting_1772191555767_annotated.jpg,Annotated,"[1, 3]",,
presenting_1772191555767_annotated.jpg,Annotated,"[1, 4]",,
presenting_1772191555767_annotated.jpg,Annotated,"[2, 3]",,
presenting_1772191555767_annotated.jpg,Annotated,"[2, 4]",,
presenting_1772191555767_annotated.jpg,Annotated,"[3, 4]",,
presenting_1772191555767_depth.png,Depth,"[1, 2]",,
presenting_1772191555767_depth.png,Depth,"[1, 3]",,
presenting_1772191555767_depth.png,Depth,"[1, 4]",,
presenting_1772191555767_depth.png,Depth,"[2, 3]",,
presenting_1772191555767_depth.png,Depth,"[2, 4]",,
presenting_1772191555767_depth.png,Depth,"[3, 4]",,
presenting_1772191555767_raw.jpg,Raw,"[1, 2]",,
presenting_1772191555767_raw.jpg,Raw,"[1, 3]",,
presenting_1772191555767_raw.jpg,Raw,"[1, 4]",,
presenting_1772191555767_raw.jpg,Raw,"[2, 3]",,
presenting_1772191555767_raw.jpg,Raw,"[2, 4]",,
presenting_1772191555767_raw.jpg,Raw,"[3, 4]",,
presenting_1772191558241_annotated.jpg,Annotated,"[1, 2]",,
presenting_1772191558241_annotated.jpg,Annotated,"[1, 3]",,
presenting_1772191558241_annotated.jpg,Annotated,"[1, 4]",,
presenting_1772191558241_annotated.jpg,Annotated,"[2, 3]",,
presenting_1772191558241_annotated.jpg,Annotated,"[2, 4]",,
presenting_1772191558241_annotated.jpg,Annotated,"[3, 4]",,
presenting_1772191558241_depth.png,Depth,"[1, 2]",,
presenting_1772191558241_depth.png,Depth,"[1, 3]",,
presenting_1772191558241_depth.png,Depth,"[1, 4]",,
presenting_1772191558241_depth.png,Depth,"[2, 3]",,
presenting_1772191558241_depth.png,Depth,"[2, 4]",,
presenting_1772191558241_depth.png,Depth,"[3, 4]",,
presenting_1772191558241_raw.jpg,Raw,"[1, 2]",,
presenting_1772191558241_raw.jpg,Raw,"[1, 3]",,
presenting_1772191558241_raw.jpg,Raw,"[1, 4]",,
presenting_1772191558241_raw.jpg,Raw,"[2, 3]",,
presenting_1772191558241_raw.jpg,Raw,"[2, 4]",,
presenting_1772191558241_raw.jpg,Raw,"[3, 4]",,
presenting_1772191561090_annotated.jpg,Annotated,"[1, 2]",,
presenting_1772191561090_annotated.jpg,Annotated,"[1, 3]",,
presenting_1772191561090_annotated.jpg,Annotated,"[1, 4]",,
presenting_1772191561090_annotated.jpg,Annotated,"[2, 3]",,
presenting_1772191561090_annotated.jpg,Annotated,"[2, 4]",,
presenting_1772191561090_annotated.jpg,Annotated,"[3, 4]",,
presenting_1772191561090_depth.png,Depth,"[1, 2]",,
presenting_1772191561090_depth.png,Depth,"[1, 3]",,
presenting_1772191561090_depth.png,Depth,"[1, 4]",,
presenting_1772191561090_depth.png,Depth,"[2, 3]",,
presenting_1772191561090_depth.png,Depth,"[2, 4]",,
presenting_1772191561090_depth.png,Depth,"[3, 4]",,
presenting_1772191561090_raw.jpg,Raw,"[1, 2]",,
presenting_1772191561090_raw.jpg,Raw,"[1, 3]",,
presenting_1772191561090_raw.jpg,Raw,"[1, 4]",,
presenting_1772191561090_raw.jpg,Raw,"[2, 3]",,
presenting_1772191561090_raw.jpg,Raw,"[2, 4]",,
presenting_1772191561090_raw.jpg,Raw,"[3, 4]",,
presenting_1772191582585_annotated.jpg,Annotated,"[1, 2]",,
presenting_1772191582585_annotated.jpg,Annotated,"[1, 3]",,
presenting_1772191582585_annotated.jpg,Annotated,"[1, 4]",,
presenting_1772191582585_annotated.jpg,Annotated,"[2, 3]",,
presenting_1772191582585_annotated.jpg,Annotated,"[2, 4]",,
presenting_1772191582585_annotated.jpg,Annotated,"[3, 4]",,
presenting_1772191582585_depth.png,Depth,"[1, 2]",,
presenting_1772191582585_depth.png,Depth,"[1, 3]",,
presenting_1772191582585_depth.png,Depth,"[1, 4]",,
presenting_1772191582585_depth.png,Depth,"[2, 3]",,
presenting_1772191582585_depth.png,Depth,"[2, 4]",,
presenting_1772191582585_depth.png,Depth,"[3, 4]",,
presenting_1772191582585_raw.jpg,Raw,"[1, 2]",,
presenting_1772191582585_raw.jpg,Raw,"[1, 3]",,
presenting_1772191582585_raw.jpg,Raw,"[1, 4]",,
presenting_1772191582585_raw.jpg,Raw,"[2, 3]",,
presenting_1772191582585_raw.jpg,Raw,"[2, 4]",,
presenting_1772191582585_raw.jpg,Raw,"[3, 4]",,
presenting_1772191586383_annotated.jpg,Annotated,"[1, 2]",,
presenting_1772191586383_annotated.jpg,Annotated,"[1, 3]",,
presenting_1772191586383_annotated.jpg,Annotated,"[1, 4]",,
presenting_1772191586383_annotated.jpg,Annotated,"[2, 3]",,
presenting_1772191586383_annotated.jpg,Annotated,"[2, 4]",,
presenting_1772191586383_annotated.jpg,Annotated,"[3, 4]",,
presenting_1772191586383_depth.png,Depth,"[1, 2]",,
presenting_1772191586383_depth.png,Depth,"[1, 3]",,
presenting_1772191586383_depth.png,Depth,"[1, 4]",,
presenting_1772191586383_depth.png,Depth,"[2, 3]",,
presenting_1772191586383_depth.png,Depth,"[2, 4]",,
presenting_1772191586383_depth.png,Depth,"[3, 4]",,
presenting_1772191586383_raw.jpg,Raw,"[1, 2]",,
presenting_1772191586383_raw.jpg,Raw,"[1, 3]",,
presenting_1772191586383_raw.jpg,Raw,"[1, 4]",,
presenting_1772191586383_raw.jpg,Raw,"[2, 3]",,
presenting_1772191586383_raw.jpg,Raw,"[2, 4]",,
presenting_1772191586383_raw.jpg,Raw,"[3, 4]",,
presenting_1772191592938_annotated.jpg,Annotated,"[1, 2]",,
presenting_1772191592938_annotated.jpg,Annotated,"[1, 3]",,
presenting_1772191592938_annotated.jpg,Annotated,"[1, 4]",,
presenting_1772191592938_annotated.jpg,Annotated,"[2, 3]",,
presenting_1772191592938_annotated.jpg,Annotated,"[2, 4]",,
presenting_1772191592938_annotated.jpg,Annotated,"[3, 4]",,
proxemics_1772191356312_annotated.jpg,Annotated,"[1, 2]",,
proxemics_1772191356312_annotated.jpg,Annotated,"[1, 3]",,
proxemics_1772191356312_annotated.jpg,Annotated,"[1, 4]",,
proxemics_1772191356312_annotated.jpg,Annotated,"[2, 3]",,
proxemics_1772191356312_annotated.jpg,Annotated,"[2, 4]",,
proxemics_1772191356312_annotated.jpg,Annotated,"[3, 4]",,
proxemics_1772191356312_depth.png,Depth,"[1, 2]",,
proxemics_1772191356312_depth.png,Depth,"[1, 3]",,
proxemics_1772191356312_depth.png,Depth,"[1, 4]",,
proxemics_1772191356312_depth.png,Depth,"[2, 3]",,
proxemics_1772191356312_depth.png,Depth,"[2, 4]",,
proxemics_1772191356312_depth.png,Depth,"[3, 4]",,
proxemics_1772191356312_raw.jpg,Raw,"[1, 2]",,
proxemics_1772191356312_raw.jpg,Raw,"[1, 3]",,
proxemics_1772191356312_raw.jpg,Raw,"[1, 4]",,
proxemics_1772191356312_raw.jpg,Raw,"[2, 3]",,
proxemics_1772191356312_raw.jpg,Raw,"[2, 4]",,
proxemics_1772191356312_raw.jpg,Raw,"[3, 4]",,
proxemics_1772191368050_annotated.jpg,Annotated,"[1, 2]",,
proxemics_1772191368050_annotated.jpg,Annotated,"[1, 3]",,
proxemics_1772191368050_annotated.jpg,Annotated,"[1, 4]",,
proxemics_1772191368050_annotated.jpg,Annotated,"[2, 3]",,
proxemics_1772191368050_annotated.jpg,Annotated,"[2, 4]",,
proxemics_1772191368050_annotated.jpg,Annotated,"[3, 4]",,
proxemics_1772191368050_depth.png,Depth,"[1, 2]",,
proxemics_1772191368050_depth.png,Depth,"[1, 3]",,
proxemics_1772191368050_depth.png,Depth,"[1, 4]",,
proxemics_1772191368050_depth.png,Depth,"[2, 3]",,
proxemics_1772191368050_depth.png,Depth,"[2, 4]",,
proxemics_1772191368050_depth.png,Depth,"[3, 4]",,
proxemics_1772191368050_raw.jpg,Raw,"[1, 2]",,
proxemics_1772191368050_raw.jpg,Raw,"[1, 3]",,
proxemics_1772191368050_raw.jpg,Raw,"[1, 4]",,
proxemics_1772191368050_raw.jpg,Raw,"[2, 3]",,
proxemics_1772191368050_raw.jpg,Raw,"[2, 4]",,
proxemics_1772191368050_raw.jpg,Raw,"[3, 4]",,
proxemics_1772191450655_annotated.jpg,Annotated,"[1, 2]",,
proxemics_1772191450655_annotated.jpg,Annotated,"[1, 3]",,
proxemics_1772191450655_annotated.jpg,Annotated,"[1, 4]",,
proxemics_1772191450655_annotated.jpg,Annotated,"[2, 3]",,
proxemics_1772191450655_annotated.jpg,Annotated,"[2, 4]",,
proxemics_1772191450655_annotated.jpg,Annotated,"[3, 4]",,
proxemics_1772191450655_depth.png,Depth,"[1, 2]",,
proxemics_1772191450655_depth.png,Depth,"[1, 3]",,
proxemics_1772191450655_depth.png,Depth,"[1, 4]",,
proxemics_1772191450655_depth.png,Depth,"[2, 3]",,
proxemics_1772191450655_depth.png,Depth,"[2, 4]",,
proxemics_1772191450655_depth.png,Depth,"[3, 4]",,
proxemics_1772191450655_raw.jpg,Raw,"[1, 2]",,
proxemics_1772191450655_raw.jpg,Raw,"[1, 3]",,
proxemics_1772191450655_raw.jpg,Raw,"[1, 4]",,
proxemics_1772191450655_raw.jpg,Raw,"[2, 3]",,
proxemics_1772191450655_raw.jpg,Raw,"[2, 4]",,
proxemics_1772191450655_raw.jpg,Raw,"[3, 4]",,
sharedtask_1772197429407_annotated.jpg,Annotated,"[1, 2]",,
sharedtask_1772197429407_annotated.jpg,Annotated,"[1, 3]",,
sharedtask_1772197429407_annotated.jpg,Annotated,"[1, 4]",,
sharedtask_1772197429407_annotated.jpg,Annotated,"[2, 3]",,
sharedtask_1772197429407_annotated.jpg,Annotated,"[2, 4]",,
sharedtask_1772197429407_annotated.jpg,Annotated,"[3, 4]",,
sharedtask_1772197429407_depth.png,Depth,"[1, 2]",,
sharedtask_1772197429407_depth.png,Depth,"[1, 3]",,
sharedtask_1772197429407_depth.png,Depth,"[1, 4]",,
sharedtask_1772197429407_depth.png,Depth,"[2, 3]",,
sharedtask_1772197429407_depth.png,Depth,"[2, 4]",,
sharedtask_1772197429407_depth.png,Depth,"[3, 4]",,
sharedtask_1772197429407_raw.jpg,Raw,"[1, 2]",,
sharedtask_1772197429407_raw.jpg,Raw,"[1, 3]",,
sharedtask_1772197429407_raw.jpg,Raw,"[1, 4]",,
sharedtask_1772197429407_raw.jpg,Raw,"[2, 3]",,
sharedtask_1772197429407_raw.jpg,Raw,"[2, 4]",,
sharedtask_1772197429407_raw.jpg,Raw,"[3, 4]",,
sharedtask_1772197524897_annotated.jpg,Annotated,"[1, 2]",,
sharedtask_1772197524897_annotated.jpg,Annotated,"[1, 3]",,
sharedtask_1772197524897_annotated.jpg,Annotated,"[1, 4]",,
sharedtask_1772197524897_annotated.jpg,Annotated,"[2, 3]",,
sharedtask_1772197524897_annotated.jpg,Annotated,"[2, 4]",,
sharedtask_1772197524897_annotated.jpg,Annotated,"[3, 4]",,
sharedtask_1772197524897_depth.png,Depth,"[1, 2]",,
sharedtask_1772197524897_depth.png,Depth,"[1, 3]",,
sharedtask_1772197524897_depth.png,Depth,"[1, 4]",,
sharedtask_1772197524897_depth.png,Depth,"[2, 3]",,
sharedtask_1772197524897_depth.png,Depth,"[2, 4]",,
sharedtask_1772197524897_depth.png,Depth,"[3, 4]",,
sharedtask_1772197524897_raw.jpg,Raw,"[1, 2]",,
sharedtask_1772197524897_raw.jpg,Raw,"[1, 3]",,
sharedtask_1772197524897_raw.jpg,Raw,"[1, 4]",,
sharedtask_1772197524897_raw.jpg,Raw,"[2, 3]",,
sharedtask_1772197524897_raw.jpg,Raw,"[2, 4]",,
sharedtask_1772197524897_raw.jpg,Raw,"[3, 4]",,
sharedtask_1772197527677_annotated.jpg,Annotated,"[1, 2]",,
sharedtask_1772197527677_annotated.jpg,Annotated,"[1, 3]",,
sharedtask_1772197527677_annotated.jpg,Annotated,"[1, 4]",,
sharedtask_1772197527677_annotated.jpg,Annotated,"[2, 3]",,
sharedtask_1772197527677_annotated.jpg,Annotated,"[2, 4]",,
sharedtask_1772197527677_annotated.jpg,Annotated,"[3, 4]",,
sharedtask_1772197527677_depth.png,Depth,"[1, 2]",,
sharedtask_1772197527677_depth.png,Depth,"[1, 3]",,
sharedtask_1772197527677_depth.png,Depth,"[1, 4]",,
sharedtask_1772197527677_depth.png,Depth,"[2, 3]",,
sharedtask_1772197527677_depth.png,Depth,"[2, 4]",,
sharedtask_1772197527677_depth.png,Depth,"[3, 4]",,
sharedtask_1772197527677_raw.jpg,Raw,"[1, 2]",,
sharedtask_1772197527677_raw.jpg,Raw,"[1, 3]",,
sharedtask_1772197527677_raw.jpg,Raw,"[1, 4]",,
sharedtask_1772197527677_raw.jpg,Raw,"[2, 3]",,
sharedtask_1772197527677_raw.jpg,Raw,"[2, 4]",,
sharedtask_1772197527677_raw.jpg,Raw,"[3, 4]",,
sharedtask_1772197536951_annotated.jpg,Annotated,"[1, 2]",,
sharedtask_1772197536951_annotated.jpg,Annotated,"[1, 3]",,
sharedtask_1772197536951_annotated.jpg,Annotated,"[1, 4]",,
sharedtask_1772197536951_annotated.jpg,Annotated,"[2, 3]",,
sharedtask_1772197536951_annotated.jpg,Annotated,"[2, 4]",,
sharedtask_1772197536951_annotated.jpg,Annotated,"[3, 4]",,
sharedtask_1772197536951_depth.png,Depth,"[1, 2]",,
sharedtask_1772197536951_depth.png,Depth,"[1, 3]",,
sharedtask_1772197536951_depth.png,Depth,"[1, 4]",,
sharedtask_1772197536951_depth.png,Depth,"[2, 3]",,
sharedtask_1772197536951_depth.png,Depth,"[2, 4]",,
sharedtask_1772197536951_depth.png,Depth,"[3, 4]",,
sharedtask_1772197536951_raw.jpg,Raw,"[1, 2]",,
sharedtask_1772197536951_raw.jpg,Raw,"[1, 3]",,
sharedtask_1772197536951_raw.jpg,Raw,"[1, 4]",,
sharedtask_1772197536951_raw.jpg,Raw,"[2, 3]",,
sharedtask_1772197536951_raw.jpg,Raw,"[2, 4]",,
sharedtask_1772197536951_raw.jpg,Raw,"[3, 4]",,
sharedtask_1772197635391_annotated.jpg,Annotated,"[1, 2]",,
sharedtask_1772197635391_annotated.jpg,Annotated,"[1, 3]",,
sharedtask_1772197635391_annotated.jpg,Annotated,"[1, 4]",,
sharedtask_1772197635391_annotated.jpg,Annotated,"[2, 3]",,
sharedtask_1772197635391_annotated.jpg,Annotated,"[2, 4]",,
sharedtask_1772197635391_annotated.jpg,Annotated,"[3, 4]",,
sharedtask_1772197635391_depth.png,Depth,"[1, 2]",,
sharedtask_1772197635391_depth.png,Depth,"[1, 3]",,
sharedtask_1772197635391_depth.png,Depth,"[1, 4]",,
sharedtask_1772197635391_depth.png,Depth,"[2, 3]",,
sharedtask_1772197635391_depth.png,Depth,"[2, 4]",,
sharedtask_1772197635391_depth.png,Depth,"[3, 4]",,
sharedtask_1772197635391_raw.jpg,Raw,"[1, 2]",,
sharedtask_1772197635391_raw.jpg,Raw,"[1, 3]",,
sharedtask_1772197635391_raw.jpg,Raw,"[1, 4]",,
sharedtask_1772197635391_raw.jpg,Raw,"[2, 3]",,
sharedtask_1772197635391_raw.jpg,Raw,"[2, 4]",,
sharedtask_1772197635391_raw.jpg,Raw,"[3, 4]",,
sharedtask_1772197675834_annotated.jpg,Annotated,"[1, 2]",,
sharedtask_1772197675834_annotated.jpg,Annotated,"[1, 3]",,
sharedtask_1772197675834_annotated.jpg,Annotated,"[1, 4]",,
sharedtask_1772197675834_annotated.jpg,Annotated,"[2, 3]",,
sharedtask_1772197675834_annotated.jpg,Annotated,"[2, 4]",,
sharedtask_1772197675834_annotated.jpg,Annotated,"[3, 4]",,
sharedtask_1772197675834_depth.png,Depth,"[1, 2]",,
sharedtask_1772197675834_depth.png,Depth,"[1, 3]",,
sharedtask_1772197675834_depth.png,Depth,"[1, 4]",,
sharedtask_1772197675834_depth.png,Depth,"[2, 3]",,
sharedtask_1772197675834_depth.png,Depth,"[2, 4]",,
sharedtask_1772197675834_depth.png,Depth,"[3, 4]",,
sharedtask_1772197675834_raw.jpg,Raw,"[1, 2]",,
sharedtask_1772197675834_raw.jpg,Raw,"[1, 3]",,
sharedtask_1772197675834_raw.jpg,Raw,"[1, 4]",,
sharedtask_1772197675834_raw.jpg,Raw,"[2, 3]",,
sharedtask_1772197675834_raw.jpg,Raw,"[2, 4]",,
sharedtask_1772197675834_raw.jpg,Raw,"[3, 4]",,
